{
    "_id": "st-38b0c766-0e40-5204-ab21-d67133d2ce91",
    "refId": "be67f25c-9526-5b1d-aeae-7827866f5d39",
    "notifyUserViaEmail": true,
    "purpose": "customer",
    "hasUserEndpoint": false,
    "offKoraConfirmation": false,
    "skipMakeEditLinks": false,
    "type": "default",
    "variables": [],
    "showInMp": false,
    "defaultLanguage": "en",
    "supportedLanguages": [
        "en"
    ],
    "strict_pii": false,
    "channels": [],
    "sBannerColor": "#009dab",
    "bBannerColor": "#009dab",
    "categoryIds": [
        "451902a073c071463e2fe7f6"
    ],
    "class": [],
    "featured": false,
    "sendVcf": false,
    "isNLEnabled": true,
    "interruptsEnabled": true,
    "languagesToBeIgnored": [
        "en"
    ],
    "localeData": {
        "en": {
            "name": "Asset Finder Bot",
            "errorCodes": {
                "pollError": []
            },
            "keywords": []
        }
    },
    "botEvents": {},
    "actions": [],
    "alerts": [],
    "dialogs": [],
    "dialogComponents": [],
    "knowledgeTasks": [],
    "paramMaps": [],
    "taskDgParamMaps": [],
    "idpConfigurations": [],
    "sentences": [],
    "koraResponses": [],
    "customTemplates": [],
    "mlParams": [],
    "contentVariables": [],
    "exportOptions": {
        "tasks": [
            "botTask",
            "knowledgeGraph"
        ],
        "nlpData": [
            "nlpSettings",
            "utterances",
            "standardResponses"
        ],
        "settings": [
            "botSettings",
            "botVariables",
            "ivrSettings"
        ]
    },
    "traits": []
}